{"cameraMode":{"drawMode":0,"name":"Shaded","section":"Shading Mode"},"sceneLighting":false,"audioPlay":false,"sceneViewState":{"showFog":true,"showMaterialUpdate":false,"showSkybox":true,"showFlares":true,"showImageEffects":true,"showParticleSystems":true},"in2DMode":false,"pivot":{"x":-26.50949478149414,"y":0.1598699986934662,"z":-12.17199993133545},"rotation":{"x":-0.01801786571741104,"y":0.6603213548660278,"z":-0.01585073210299015,"w":-0.7505996823310852},"size":0.5788365602493286,"orthographic":false}